,ht29-pi,pancreas-pi,both-pi,ht29-dapi,pancreas-dapi,both-dapi
a1,0.6775443127127597,,0.530207897307102,0.5291040623260991,,0.6827768014059754
a2,0.5878641677491185,,0.4462917989912199,0.6520734525112489,,0.7262366634335596
a4,0.7673939892960066,,0.6128258602711157,0.9163939303778638,,0.8629130966952264
a5,0.8865538227462914,,0.6920015530964861,0.8694243438816287,,0.9087020033388982
a6,0.8933156263833555,,0.733441630362549,0.9481663035584604,,0.8920570264765784
a7,0.8548890221955608,,0.7334470558503917,0.8998279637159837,,0.793174201491006
a8,0.8342793485756724,,0.8197244118177989,0.7824220229826998,,0.7122863370425605
a9,0.8173319483602909,,0.714881358502009,0.9292692457991403,,0.8836783293643524
b1,0.7905562742561449,,0.5935445307830245,0.5261711018253794,,0.6661974880900823
b2,0.7660862982588947,,0.8347867448866338,0.8640776699029126,,0.7917782538832351
b4,0.6084042021010505,,0.47712352287647714,0.915680751173709,,0.8363574698999491
b5,0.6436953807740324,,0.6666126155342954,0.8463063063063063,,0.757652680304614
b6,0.8986223949134582,,0.8702537683648158,0.8131115459882583,,0.7604319180087847
b7,0.9391019814579168,,0.8087968705276214,0.8970502619833107,,0.8784751278475128
b8,0.4176790950984499,,0.3977329554925821,0.39141575912876364,,0.36368917937545386
b9,0.8148310662571303,,0.9005524861878453,0.8715626010999676,,0.8138730063195907
c1,0.7663683466792275,,0.7216573462125063,0.8898652606912713,,0.8600936381162214
c2,0.4649789029535865,,0.33162447933354694,0.7835841313269494,,0.8252321135991262
c4,0.8230506694670517,,0.6668503720033067,0.8565387117761873,,0.8401937046004843
c5,0.8467043314500942,,0.691923076923077,0.8121475054229935,,0.8166320166320167
c6,0.4296570137605258,,0.14446091929675917,0.26580226904376014,,0.4106005459508644
d1,0.7086029235561946,,0.6937850093358229,0.7448593073593074,,0.7306501547987616
d2,0.8010674429888404,,0.7067164179104478,0.8216128156394243,,0.8361955085865258
d3,0.8445378151260504,,0.7776729559748428,0.8584647018505825,,0.8398026315789474
d4,0.8383349467570184,,0.6717482971132014,0.86281179138322,,0.9010705057216685
d5,0.8078310149407522,,0.6785714285714286,0.7699024139702105,,0.8316430020283976
d6,0.8327837965143665,,0.7314399601395117,0.8690671031096563,,0.8751941998964268
d7,0.7945176370590735,,0.7211447492904447,0.7931985294117647,,0.8179638107695661
d9,0.5198855507868383,,0.27307963354474984,0.42533783783783785,,0.5450151057401813
e1,0.6312660668380463,,0.9037162162162162,0.8831140350877194,,0.7430959302325582
e10,0.7910197699095275,,0.7196044211751018,0.8813740458015267,,0.8088770652478298
e2,0.64821083172147,,0.7118965517241379,0.7884543061301241,,0.599200685127034
e3,0.7720807726075505,,0.7633714880332987,0.8467708761826409,,0.8188707843880257
e4,0.905375,,0.768921634293369,0.8754179386538741,,0.8271621264215816
e5,0.8751431844215349,,0.8070541584055098,0.8914244034594144,,0.8813426243988615
e6,0.5914835164835165,,0.8600411643634225,0.6133692458374143,,0.532563248529516
e7,0.7952567002536157,,0.8965955284552846,0.8427705627705627,,0.7229318283083321
e8,0.8598542944785276,,0.7994741212288956,0.8598354763996486,,0.78105141536684
e9,0.5265097000748373,,0.7040238918579064,0.8661075553593761,,0.7390458254865034
f1,0.5209390862944162,,0.801201802704056,0.7432155074116306,,0.6008411044066557
f10,0.7513974698440717,,0.6430322233514677,0.9129991503823279,,0.858405682715075
f2,0.649861295380533,,0.8905507654407883,0.8668541184254053,,0.6943784639746635
f3,0.6928996660374619,,0.8974802846701289,0.8833784698713608,,0.8280841911199877
f4,0.9244366986181999,,0.801984075186007,0.9455036994877632,,0.88561706582908
f5,0.7661245092540662,,0.8615455914725988,0.7881124341206325,,0.8056062819576333
f6,0.6684931506849315,,0.9496581196581196,0.793361383824217,,0.6479572355861015
f7,0.7761126248864668,,0.8954618439956055,0.8075903923412258,,0.66935883811548
f8,0.8493003229278795,,0.8261913986826811,0.8341725411211816,,0.7226536981926399
f9,0.7138746619094205,,0.8309105972734805,0.7526561186272261,,0.6246511037807663
g1,0.606300539083558,,0.8614083105250062,0.7967094883930583,,0.6594081518704634
g2,0.6520785219399539,,0.8406518010291595,0.8168193172356369,,0.6273885350318471
g3,0.7305273963813679,,0.6406052963430012,0.844639341328083,,0.7983646770237122
g4,0.9179123069257599,,0.7130685377772209,0.905415951303262,,0.8279554741440045
g5,0.7821410278299471,,0.8607731237213309,0.669831223628692,,0.7474827960883738
g6,0.743666273339349,,0.8516861973342875,0.7439957302971002,,0.6206589492430988
g7,0.8430777871384443,,0.8752538819367097,0.8965420298003935,,0.7828168149739184
g8,0.69304933838359,,0.8864977205685171,0.6625645788587682,,0.5805599308978202
g9,0.73828125,,0.9059266982115647,0.8021185485688528,,0.7041946972694895
h1,0.06048387096774194,,0.10862336510751497,0.589164429000158,,0.6734372952430874
h10,0.6737203166226913,,0.44976204481043797,0.5609969788519638,,0.6574817192794721
h2,0.7018965024301915,,0.36796238963421624,0.5810914681014604,,0.3766997427416391
h3,0.6529356554385233,,0.4003445534057779,0.7224025974025974,,0.4597027722206345
h4,0.7031735081062436,,0.3076650420912716,0.821092655593356,,0.6023119851182567
h5,0.8311278195488722,,0.9050925925925926,0.8327526132404182,,0.8020420603474551
h6,0.7595529920692141,,0.8266719430154333,0.8156498673740054,,0.7872418205081338
h7,0.8934738074334211,,0.867100977198697,0.8968133535660091,,0.8870305164319249
h9,0.20429636124506795,,0.041110517885744796,0.1158473702303197,,0.19463753723932473
a10_p,,0.0,0.01652589056188028,,0.8594970986460349,0.6251393090272249
a8_p,,0.0,0.019886363636363636,,0.7085087788988639,0.35518484365831166
a9_p,,0.0,0.05066536442436821,,0.8764987069978841,0.8644801465079497
b10_p,,0.0,0.003700657894736842,,0.8845236201686019,0.7909513742071882
b11_p,,0.0,0.0456989247311828,,0.8523105503521945,0.7980860419001639
b8_p,,0.0,0.03402286336418073,,0.8735814419225634,0.6608634485184208
b9_p,,0.0,0.012874251497005988,,0.8486646884272997,0.8357756856324191
c10_p,,0.0,0.004025157232704402,,0.8877159309021113,0.7445832271221005
c11_p,,0.0,0.011409127301841474,,0.8656960448458424,0.8074104912572856
c8_p,,0.0,0.008517887563884156,,0.8186503462715413,0.5392074903862231
c9_p,,0.0,0.012078830260648443,,0.8277058780999205,0.8355344934742076
d10_p,,0.0,0.0072195121951219516,,0.8874341369950502,0.8014190387701664
d11_p,,0.0,0.016177246351327588,,0.7640575378292547,0.7073355876061004
d8_p,,0.0,0.07789918928445541,,0.8072003063960168,0.5089156626506024
d9_p,,0.0,0.008774067755300999,,0.8371408045977011,0.8475853583512766
e10_p,,0.0,0.0031308703819661866,,0.8549692066175583,0.6393234134554241
e11_p,,0.0,0.25266429840142096,,0.8495494583375519,0.5738383195416932
e8_p,,0.0,0.0125,,0.6059615142749339,0.23683510638297872
e9_p,,0.0,0.002069441250862267,,0.8217206411514557,0.7853200234879624
f10_p,,0.0,0.001694915254237288,,0.889375402446877,0.7579222926426012
f11_p,,0.0,0.014563106796116505,,0.79008159372682,0.7100605772657085
f8_p,,0.0,0.02648171500630517,,0.6914248021108179,0.31183673469387757
f9_p,,0.0,0.044639947865754315,,0.8144392865868556,0.7599315969481716
g10_p,,0.0,0.0016778523489932886,,0.7620457604306864,0.47482517482517483
g11_p,,0.0,0.004739336492890996,,0.8859259259259259,0.7232558139534884
g8_p,,0.0,0.019553072625698324,,0.738176314793795,0.46479586668017425
g9_p,,0.0,0.007081625046589639,,0.7927219080403246,0.7173884428063709
h10_p,,0.0,0.0004284490145672665,,0.8956284153005465,0.7219124616671313
h11_p,,0.0,0.005017709563164109,,0.8918083462132921,0.7802934480141664
h8_p,,0.0,0.006984126984126984,,0.8077272137948918,0.5542803132595193
h9_p,,0.0,0.0027506112469437654,,0.7838897721250663,0.6906886296042095
